;C_DT_DIGIT;C_DT_LETTER;C_DT_SLASH;C_DT_DASH;C_DT_T;C_DT_W;C_DT_PLUS;C_DT_COLON;C_DT_DOT;C_DT_Z;C_DT_ILLEGAL;C_DT_EOF
S_DT_START;S_DT_D;T_DT_ERROR;T_DT_ERROR;T_DT_ERROR;T_DT_ERROR;T_DT_ERROR;T_DT_ERROR;T_DT_ERROR;T_DT_ERROR;T_DT_ERROR;T_DT_ERROR;T_DT_ERROR
S_DT_D;S_DT_DD;T_DT_ERROR;F_DT_DAYL;F_DT_DAYL;T_DT_ERROR;T_DT_ERROR;T_DT_ERROR;T_DT_ERROR;T_DT_ERROR;T_DT_ERROR;T_DT_ERROR;T_DT_ERROR
S_DT_DD;S_DT_YYY;T_DT_ERROR;F_DT_DAYL;F_DT_DAYL;T_DT_ERROR;T_DT_ERROR;T_DT_ERROR;T_DT_ERROR;T_DT_ERROR;T_DT_ERROR;T_DT_ERROR;T_DT_ERROR
S_DT_YYY;F_DT_YEARL;T_DT_ERROR;F_DT_YEARL;F_DT_YEARL;T_DT_ERROR;T_DT_ERROR;T_DT_ERROR;T_DT_ERROR;T_DT_ERROR;T_DT_ERROR;T_DT_ERROR;T_DT_ERROR
F_DT_YEARL;S_DT_YM;S_DT_YMON;F_DT_YEARL;F_DT_YEARL2;S_DT_YMON;T_DT_ERROR;T_DT_ERROR;T_DT_ERROR;T_DT_ERROR;T_DT_ERROR;T_DT_ERROR;T_DT_ERROR
F_DT_YEARL2;S_DT_YM;S_DT_YMON;T_DT_ERROR;T_DT_ERROR;S_DT_YMON;S_DT_YV;T_DT_ERROR;T_DT_ERROR;T_DT_ERROR;T_DT_ERROR;T_DT_ERROR;T_DT_ERROR
F_DT_DAYL;S_DT_DM;S_DT_DMON;T_DT_ERROR;T_DT_ERROR;T_DT_ERROR;T_DT_ERROR;T_DT_ERROR;T_DT_ERROR;T_DT_ERROR;T_DT_ERROR;T_DT_ERROR;T_DT_ERROR
S_DT_YM;S_DT_YMM;T_DT_ERROR;F_DT_YMONTH;F_DT_YMONTH;T_DT_ERROR;T_DT_ERROR;T_DT_ERROR;T_DT_ERROR;T_DT_ERROR;T_DT_ERROR;T_DT_ERROR;T_DT_ERROR
S_DT_YMM;F_DT_DDD;T_DT_ERROR;F_DT_YMONTH;F_DT_YMONTH;T_DT_ERROR;T_DT_ERROR;T_DT_ERROR;T_DT_ERROR;T_DT_ERROR;T_DT_ERROR;T_DT_ERROR;T_DT_ERROR
F_DT_YMONTH;F_DT_YMD;T_DT_ERROR;T_DT_ERROR;T_DT_ERROR;T_DT_ERROR;T_DT_ERROR;T_DT_ERROR;T_DT_ERROR;T_DT_ERROR;T_DT_ERROR;T_DT_ERROR;T_DT_ERROR
F_DT_DDD;T_DT_ERROR;T_DT_ERROR;T_DT_ERROR;T_DT_ERROR;S_TM_START;T_DT_ERROR;T_DT_ERROR;T_DT_ERROR;T_DT_ERROR;T_DT_ERROR;T_DT_ERROR;T_DT_ERROR
S_DT_YV;S_DT_YW;T_DT_ERROR;T_DT_ERROR;T_DT_ERROR;T_DT_ERROR;T_DT_ERROR;T_DT_ERROR;T_DT_ERROR;T_DT_ERROR;T_DT_ERROR;T_DT_ERROR;T_DT_ERROR
S_DT_YW;S_DT_YWW;T_DT_ERROR;T_DT_ERROR;T_DT_ERROR;T_DT_ERROR;T_DT_ERROR;T_DT_ERROR;T_DT_ERROR;T_DT_ERROR;T_DT_ERROR;T_DT_ERROR;F_DT_WEEK
S_DT_YWW;S_DT_WD;T_DT_ERROR;T_DT_ERROR;T_DT_ERROR;S_TM_START;T_DT_ERROR;T_DT_ERROR;T_DT_ERROR;T_DT_ERROR;T_DT_ERROR;T_DT_ERROR;T_DT_ERROR
F_DT_WEEK;T_DT_ERROR;T_DT_ERROR;T_DT_ERROR;T_DT_ERROR;T_DT_ERROR;T_DT_ERROR;T_DT_ERROR;T_DT_ERROR;T_DT_ERROR;T_DT_ERROR;T_DT_ERROR;T_DT_ERROR
S_DT_WD;T_DT_ERROR;T_DT_ERROR;T_DT_ERROR;T_DT_ERROR;S_TM_START;T_DT_ERROR;T_DT_ERROR;T_DT_ERROR;T_DT_ERROR;T_DT_ERROR;T_DT_ERROR;F_DT_YWWD
F_DT_YWWD;T_DT_ERROR;T_DT_ERROR;T_DT_ERROR;T_DT_ERROR;T_DT_ERROR;T_DT_ERROR;T_DT_ERROR;T_DT_ERROR;T_DT_ERROR;T_DT_ERROR;T_DT_ERROR;T_DT_ERROR
S_DT_YMON;T_DT_ERROR;S_DT_YMON;F_DT_YMONTH;F_DT_YMONTH;S_DT_YMON;T_DT_ERROR;T_DT_ERROR;T_DT_ERROR;T_DT_ERROR;T_DT_ERROR;T_DT_ERROR;T_DT_ERROR
F_DT_YMD;F_DT_YMDD;T_DT_ERROR;S_TM_START;T_DT_ERROR;S_TM_START;T_DT_ERROR;T_DT_ERROR;T_DT_ERROR;T_DT_ERROR;T_DT_ERROR;T_DT_ERROR;T_DT_YMDAY
F_DT_YMDD;T_DT_ERROR;T_DT_ERROR;S_TM_START;T_DT_ERROR;S_TM_START;T_DT_ERROR;T_DT_ERROR;T_DT_ERROR;T_DT_ERROR;T_DT_ERROR;T_DT_ERROR;T_DT_YMDAY
S_DT_DM;S_DT_DMM;T_DT_ERROR;F_DT_DMONTH;F_DT_DMONTH;T_DT_ERROR;T_DT_ERROR;T_DT_ERROR;T_DT_ERROR;T_DT_ERROR;T_DT_ERROR;T_DT_ERROR;T_DT_ERROR
S_DT_DMM;T_DT_ERROR;T_DT_ERROR;F_DT_DMONTH;F_DT_DMONTH;T_DT_ERROR;T_DT_ERROR;T_DT_ERROR;T_DT_ERROR;T_DT_ERROR;T_DT_ERROR;T_DT_ERROR;T_DT_ERROR
F_DT_DMONTH;F_DT_DMY;T_DT_ERROR;T_DT_ERROR;T_DT_ERROR;T_DT_ERROR;T_DT_ERROR;T_DT_ERROR;T_DT_ERROR;T_DT_ERROR;T_DT_ERROR;T_DT_ERROR;T_DT_ERROR
S_DT_DMON;T_DT_ERROR;S_DT_DMON;F_DT_DMONTH;F_DT_DMONTH;S_DT_DMON;T_DT_ERROR;T_DT_ERROR;T_DT_ERROR;T_DT_ERROR;T_DT_ERROR;T_DT_ERROR;T_DT_ERROR
F_DT_DMY;F_DT_DMYY;T_DT_ERROR;S_TM_START;T_DT_ERROR;S_TM_START;T_DT_ERROR;T_DT_ERROR;T_DT_ERROR;T_DT_ERROR;T_DT_ERROR;T_DT_ERROR;T_DT_DMYEAR
F_DT_DMYY;F_DT_DMYY;T_DT_ERROR;S_TM_START;T_DT_ERROR;S_TM_START;T_DT_ERROR;T_DT_ERROR;T_DT_ERROR;T_DT_ERROR;T_DT_ERROR;T_DT_ERROR;T_DT_DMYEAR
F_DT_DMYYY;F_DT_DMYYY;T_DT_ERROR;S_TM_START;T_DT_ERROR;S_TM_START;T_DT_ERROR;T_DT_ERROR;T_DT_ERROR;T_DT_ERROR;T_DT_ERROR;T_DT_ERROR;T_DT_DMYEAR
F_DT_DMYYYY;T_DT_ERROR;T_DT_ERROR;S_TM_START;T_DT_ERROR;S_TM_START;T_DT_ERROR;T_DT_ERROR;T_DT_ERROR;T_DT_ERROR;T_DT_ERROR;T_DT_ERROR;T_DT_DMYEAR
S_TM_START;F_TM_H;T_DT_ERROR;T_DT_ERROR;T_DT_ERROR;T_DT_ERROR;T_DT_ERROR;T_DT_ERROR;T_DT_ERROR;T_DT_ERROR;T_DT_ERROR;T_DT_ERROR;T_DT_ERROR
F_TM_H;F_TM_HH;T_DT_ERROR;T_DT_ERROR;T_DT_ERROR;T_DT_ERROR;T_DT_ERROR;T_DT_ERROR;T_DT_ERROR;T_DT_ERROR;T_DT_ERROR;T_DT_ERROR;T_DT_ERROR
F_TM_HH;F_TM_M;T_DT_ERROR;T_DT_ERROR;T_DT_ERROR;T_DT_ERROR;T_DT_ERROR;T_DT_ERROR;S_TM_HM;T_DT_ERROR;T_DT_ERROR;T_DT_ERROR;T_DT_ERROR
S_TM_HM;F_TM_M;T_DT_ERROR;T_DT_ERROR;T_DT_ERROR;T_DT_ERROR;T_DT_ERROR;T_DT_ERROR;T_DT_ERROR;T_DT_ERROR;T_DT_ERROR;T_DT_ERROR;T_DT_ERROR
F_TM_M;F_TM_MM;T_DT_ERROR;T_DT_ERROR;T_DT_ERROR;T_DT_ERROR;T_DT_ERROR;T_DT_ERROR;T_DT_ERROR;T_DT_ERROR;T_DT_ERROR;T_DT_ERROR;T_DT_ERROR
F_TM_MM;F_TM_S;T_DT_ERROR;T_DT_ERROR;T_DT_ERROR;T_DT_ERROR;T_DT_ERROR;T_DT_ERROR;S_TM_HMS;T_DT_ERROR;T_DT_ERROR;T_DT_ERROR;T_DT_ERROR
S_TM_HMS;F_TM_S;T_DT_ERROR;T_DT_ERROR;T_DT_ERROR;T_DT_ERROR;T_DT_ERROR;T_DT_ERROR;T_DT_ERROR;T_DT_ERROR;T_DT_ERROR;T_DT_ERROR;T_DT_ERROR
F_TM_S;F_TM_SS;T_DT_ERROR;T_DT_ERROR;T_DT_ERROR;T_DT_ERROR;T_DT_ERROR;T_DT_ERROR;T_DT_ERROR;T_DT_ERROR;T_DT_ERROR;T_DT_ERROR;T_DT_ERROR
F_TM_SS;T_DT_ERROR;T_DT_ERROR;T_DT_ERROR;S_TZ_START;T_DT_ERROR;T_DT_ERROR;S_TZ_START;T_DT_ERROR;F_TM_N1;T_DT_ERROR;T_DT_ERROR;T_DT_ERROR
F_TM_N1;F_TM_N;T_DT_ERROR;T_DT_ERROR;T_DT_ERROR;T_DT_ERROR;T_DT_ERROR;T_DT_ERROR;T_DT_ERROR;T_DT_ERROR;T_DT_ERROR;T_DT_ERROR;T_DT_ERROR
F_TM_N;F_TM_N;T_DT_ERROR;T_DT_ERROR;S_TZ_START;T_DT_ERROR;T_DT_ERROR;S_TZ_START;T_DT_ERROR;T_DT_ERROR;T_TM_NZ;T_DT_ERROR;T_TM_NZ
S_TZ_START;S_TZ_H;T_DT_ERROR;T_DT_ERROR;T_DT_ERROR;T_DT_ERROR;T_DT_ERROR;T_DT_ERROR;T_DT_ERROR;T_DT_ERROR;T_DT_ERROR;T_DT_ERROR;T_DT_ERROR
S_TZ_H;F_TZ_HH;T_DT_ERROR;T_DT_ERROR;T_DT_ERROR;T_DT_ERROR;T_DT_ERROR;T_DT_ERROR;F_TZ_HM;T_DT_ERROR;T_DT_ERROR;T_DT_ERROR;T_TZ_H
F_TZ_HH;T_DT_ERROR;T_DT_ERROR;T_DT_ERROR;T_DT_ERROR;T_DT_ERROR;T_DT_ERROR;T_DT_ERROR;F_TZ_HM;T_DT_ERROR;T_DT_ERROR;T_DT_ERROR;T_TZ_HH
F_TZ_HM;S_TZ_M;T_DT_ERROR;T_DT_ERROR;T_DT_ERROR;T_DT_ERROR;T_DT_ERROR;T_DT_ERROR;T_DT_ERROR;T_DT_ERROR;T_DT_ERROR;T_DT_ERROR;T_DT_ERROR
S_TZ_M;T_TZ_MM;T_DT_ERROR;T_DT_ERROR;T_DT_ERROR;T_DT_ERROR;T_DT_ERROR;T_DT_ERROR;T_DT_ERROR;T_DT_ERROR;T_DT_ERROR;T_DT_ERROR;T_TZ_MM
