;C_BLANK;C_LINE;C_DIGIT;C_ZERO;C_BLOCK_OP;C_BLOCK_CL;C_PAREN_OP;C_PAREN_CL;C_STRING_OP;C_STRING_CL;C_DBL_QUOTE;C_SHARP;C_QUOTE;C_COLON;C_X;C_T;C_H;C_E_LOW;C_E_UP;C_ALPHAL;C_ALPHAU;C_SLASH;C_BSLASH;C_LESSER;C_GREATER;C_EQUAL;C_PERCENT;C_COMMA;C_SEMICOL;C_AT;C_DOT;C_MONEY;C_PLUS;C_MINUS;C_CARET;C_C0;C_BIN;C_WORD;C_ILLEGAL;C_EOF
S_START;S_START;S_START;S_NUMBER;S_NUMBER;T_BLK_OP;T_BLK_CL;T_PAR_OP;T_PAR_CL;T_MSTR_OP;T_ERROR;S_LINE_STR;S_SHARP;S_WORD_1ST;S_WORD_1ST;S_WORD;S_WORD;S_WORD;S_WORD;S_HEX;S_WORD;S_HEX;S_SLASH_1ST;T_ERROR;S_LESSER;S_WORD;S_WORD;S_FILE_1ST;T_ERROR;S_LINE_CMT;S_REF;S_DOTWORD;S_MONEY_1ST;S_SIGN;S_SIGN;S_WORD;S_START;T_ERROR;S_WORD;T_ERROR;T_EOF
S_LINE_CMT;S_LINE_CMT;T_CMT;S_LINE_CMT;S_LINE_CMT;S_LINE_CMT;S_LINE_CMT;S_LINE_CMT;S_LINE_CMT;S_LINE_CMT;S_LINE_CMT;S_LINE_CMT;S_LINE_CMT;S_LINE_CMT;S_LINE_CMT;S_LINE_CMT;S_LINE_CMT;S_LINE_CMT;S_LINE_CMT;S_LINE_CMT;S_LINE_CMT;S_LINE_CMT;S_LINE_CMT;S_LINE_CMT;S_LINE_CMT;S_LINE_CMT;S_LINE_CMT;S_LINE_CMT;S_LINE_CMT;S_LINE_CMT;S_LINE_CMT;S_LINE_CMT;S_LINE_CMT;S_LINE_CMT;S_LINE_CMT;S_LINE_CMT;S_LINE_CMT;S_LINE_CMT;S_LINE_CMT;T_ERROR;T_CMT
S_LINE_STR;S_LINE_STR;T_ERROR;S_LINE_STR;S_LINE_STR;S_LINE_STR;S_LINE_STR;S_LINE_STR;S_LINE_STR;S_LINE_STR;S_LINE_STR;T_STRING;S_LINE_STR;S_LINE_STR;S_LINE_STR;S_LINE_STR;S_LINE_STR;S_LINE_STR;S_LINE_STR;S_LINE_STR;S_LINE_STR;S_LINE_STR;S_LINE_STR;S_LINE_STR;S_LINE_STR;S_LINE_STR;S_LINE_STR;S_LINE_STR;S_LINE_STR;S_LINE_STR;S_LINE_STR;S_LINE_STR;S_LINE_STR;S_LINE_STR;S_LINE_STR;S_SKIP_STR;S_LINE_STR;S_LINE_STR;S_LINE_STR;T_ERROR;T_ERROR
S_SKIP_STR;S_LINE_STR;S_LINE_STR;S_LINE_STR;S_LINE_STR;S_LINE_STR;S_LINE_STR;S_LINE_STR;S_LINE_STR;S_LINE_STR;S_LINE_STR;S_LINE_STR;S_LINE_STR;S_LINE_STR;S_LINE_STR;S_LINE_STR;S_LINE_STR;S_LINE_STR;S_LINE_STR;S_LINE_STR;S_LINE_STR;S_LINE_STR;S_LINE_STR;S_LINE_STR;S_LINE_STR;S_LINE_STR;S_LINE_STR;S_LINE_STR;S_LINE_STR;S_LINE_STR;S_LINE_STR;S_LINE_STR;S_LINE_STR;S_LINE_STR;S_LINE_STR;S_LINE_STR;S_LINE_STR;S_LINE_STR;S_LINE_STR;T_ERROR;T_ERROR
S_M_STRING;S_M_STRING;S_M_STRING;S_M_STRING;S_M_STRING;S_M_STRING;S_M_STRING;S_M_STRING;S_M_STRING;T_MSTR_OP;T_MSTR_CL;S_M_STRING;S_M_STRING;S_M_STRING;S_M_STRING;S_M_STRING;S_M_STRING;S_M_STRING;S_M_STRING;S_M_STRING;S_M_STRING;S_M_STRING;S_M_STRING;S_M_STRING;S_M_STRING;S_M_STRING;S_M_STRING;S_M_STRING;S_M_STRING;S_M_STRING;S_M_STRING;S_M_STRING;S_M_STRING;S_M_STRING;S_M_STRING;S_SKIP_MSTR;S_M_STRING;S_M_STRING;S_M_STRING;T_ERROR;T_ERROR
S_SKIP_MSTR;S_M_STRING;S_M_STRING;S_M_STRING;S_M_STRING;S_M_STRING;S_M_STRING;S_M_STRING;S_M_STRING;S_M_STRING;S_M_STRING;S_M_STRING;S_M_STRING;S_M_STRING;S_M_STRING;S_M_STRING;S_M_STRING;S_M_STRING;S_M_STRING;S_M_STRING;S_M_STRING;S_M_STRING;S_M_STRING;S_M_STRING;S_M_STRING;S_M_STRING;S_M_STRING;S_M_STRING;S_M_STRING;S_M_STRING;S_M_STRING;S_M_STRING;S_M_STRING;S_M_STRING;S_M_STRING;S_M_STRING;S_M_STRING;S_M_STRING;S_M_STRING;T_ERROR;T_ERROR
S_FILE_1ST;T_WORD;T_WORD;S_FILE;S_FILE;T_WORD;T_WORD;T_WORD;T_WORD;S_HERDOC_ST;T_WORD;S_FILE_STR;S_FILE;S_FILE;S_PERCENT;S_FILE;S_FILE;S_FILE;S_FILE;S_FILE;S_FILE;S_FILE;S_FILE;S_FILE;S_FILE;S_FILE;S_FILE;S_HDPER_ST;S_FILE;T_WORD;T_WORD;S_FILE;S_FILE;S_FILE;S_FILE;S_FILE;T_WORD;S_FILE;S_FILE;T_ERROR;T_WORD
S_FILE;T_FILE;T_FILE;S_FILE;S_FILE;T_FILE;T_FILE;T_FILE;T_FILE;T_FILE;T_FILE;T_ERROR;S_FILE;S_FILE;T_FILE;S_FILE;S_FILE;S_FILE;S_FILE;S_FILE;S_FILE;S_FILE;S_FILE;S_FILE;S_FILE;S_FILE;S_FILE;S_FILE;S_FILE;T_FILE;T_FILE;S_FILE;S_FILE;S_FILE;S_FILE;S_FILE;S_FILE;S_FILE;S_FILE;T_ERROR;T_FILE
S_FILE_STR;S_FILE_STR;T_ERROR;S_FILE_STR;S_FILE_STR;S_FILE_STR;S_FILE_STR;S_FILE_STR;S_FILE_STR;S_FILE_STR;S_FILE_STR;T_FILE;S_FILE_STR;S_FILE_STR;S_FILE_STR;S_FILE_STR;S_FILE_STR;S_FILE_STR;S_FILE_STR;S_FILE_STR;S_FILE_STR;S_FILE_STR;S_FILE_STR;S_FILE_STR;S_FILE_STR;S_FILE_STR;S_FILE_STR;S_FILE_STR;S_FILE_STR;S_FILE_STR;S_FILE_STR;S_FILE_STR;S_FILE_STR;S_FILE_STR;S_FILE_STR;S_FILE_STR;S_FILE_STR;S_FILE_STR;S_FILE_STR;T_ERROR;S_FILE_STR
S_HDPER_ST;T_WORD;T_WORD;S_FILE;S_FILE;T_WORD;T_WORD;T_WORD;T_WORD;S_HERDOC_ST;T_WORD;T_WORD;S_FILE;S_FILE;S_FILE;S_FILE;S_FILE;S_FILE;S_FILE;S_FILE;S_FILE;S_FILE;S_FILE;T_WORD;S_FILE;S_FILE;S_FILE;S_HDPER_ST;S_FILE;T_WORD;S_FILE;S_FILE;S_FILE;S_FILE;S_FILE;S_FILE;T_WORD;S_FILE;S_FILE;T_ERROR;T_WORD
S_HERDOC_ST;S_HERDOC_ST;S_HERDOC_ST;S_HERDOC_ST;S_HERDOC_ST;S_HERDOC_ST;S_HERDOC_ST;S_HERDOC_ST;S_HERDOC_ST;S_HERDOC_ST;S_HDPER_C0;S_HERDOC_ST;S_HERDOC_ST;S_HERDOC_ST;S_HERDOC_ST;S_HERDOC_ST;S_HERDOC_ST;S_HERDOC_ST;S_HERDOC_ST;S_HERDOC_ST;S_HERDOC_ST;S_HERDOC_ST;S_HERDOC_ST;S_HERDOC_ST;S_HERDOC_ST;S_HERDOC_ST;S_HERDOC_ST;S_HERDOC_ST;S_HERDOC_ST;S_HERDOC_ST;S_HERDOC_ST;S_HERDOC_ST;S_HERDOC_ST;S_HERDOC_ST;S_HERDOC_ST;S_HERDOC_ST;S_HERDOC_ST;S_HERDOC_ST;S_HERDOC_ST;T_ERROR;T_ERROR
S_HDPER_C0;S_HERDOC_ST;S_HERDOC_ST;S_HERDOC_ST;S_HERDOC_ST;S_HERDOC_ST;S_HERDOC_ST;S_HERDOC_ST;S_HERDOC_ST;S_HERDOC_ST;S_HDPER_C0;S_HERDOC_ST;S_HERDOC_ST;S_HERDOC_ST;S_HERDOC_ST;S_HERDOC_ST;S_HERDOC_ST;S_HERDOC_ST;S_HERDOC_ST;S_HERDOC_ST;S_HERDOC_ST;S_HERDOC_ST;S_HERDOC_ST;S_HERDOC_ST;S_HERDOC_ST;S_HERDOC_ST;S_HERDOC_ST;S_HDPER_CL;S_HERDOC_ST;S_HERDOC_ST;S_HERDOC_ST;S_HERDOC_ST;S_HERDOC_ST;S_HERDOC_ST;S_HERDOC_ST;S_HERDOC_ST;S_HERDOC_ST;S_HERDOC_ST;S_HERDOC_ST;T_ERROR;T_ERROR
S_HDPER_CL;T_RAWSTRING;T_RAWSTRING;T_ERROR;T_ERROR;T_RAWSTRING;T_RAWSTRING;T_RAWSTRING;T_RAWSTRING;T_RAWSTRING;T_ERROR;T_RAWSTRING;T_ERROR;T_ERROR;T_ERROR;T_ERROR;T_ERROR;T_ERROR;T_ERROR;T_ERROR;T_ERROR;T_ERROR;T_ERROR;T_ERROR;T_RAWSTRING;T_ERROR;T_ERROR;S_HDPER_CL;T_ERROR;T_RAWSTRING;T_ERROR;T_ERROR;T_ERROR;T_ERROR;T_ERROR;T_ERROR;T_RAWSTRING;T_ERROR;T_ERROR;T_ERROR;T_RAWSTRING
S_SLASH_1ST;T_WORD;T_WORD;S_SLASH;S_SLASH;T_WORD;T_WORD;T_WORD;T_WORD;T_WORD;T_WORD;T_WORD;T_WORD;S_SLASH;S_WORDSET;S_SLASH;S_SLASH;S_SLASH;S_SLASH;S_SLASH;S_SLASH;S_SLASH;S_SLASH_N;S_SLASH;S_SLASH;S_SLASH;S_SLASH;S_SLASH;S_SLASH;T_WORD;T_WORD;S_SLASH;S_SLASH;S_SLASH;S_SLASH;S_SLASH;T_WORD;S_SLASH;S_SLASH;T_ERROR;T_WORD
S_SLASH;T_REFINE;T_REFINE;S_SLASH;S_SLASH;T_REFINE;T_REFINE;T_REFINE;T_REFINE;T_REFINE;T_REFINE;T_REFINE;S_SLASH;S_SLASH;T_ERROR;S_SLASH;S_SLASH;S_SLASH;S_SLASH;S_SLASH;S_SLASH;S_SLASH;T_REFINE;S_SLASH;S_SLASH;S_SLASH;S_SLASH;S_SLASH;S_SLASH;T_REFINE;T_REFINE;S_SLASH;S_SLASH;S_SLASH;S_SLASH;S_SLASH;T_REFINE;S_SLASH;S_SLASH;T_ERROR;T_REFINE
S_SLASH_N;T_WORD;T_WORD;S_WORD;S_WORD;T_WORD;T_WORD;T_WORD;T_WORD;T_WORD;T_WORD;T_WORD;T_WORD;S_WORD;S_WORD;S_WORD;S_WORD;S_WORD;S_WORD;S_WORD;S_WORD;S_WORD;S_SLASH_N;S_WORD;S_WORD;S_WORD;S_WORD;T_ERROR;S_WORD;T_WORD;T_WORD;S_WORD;T_ERROR;S_WORD;S_WORD;S_WORD;T_WORD;S_WORD;S_WORD;T_ERROR;T_WORD
S_SHARP;T_ERROR;T_ERROR;S_ISSUE;S_ISSUE;S_CONSTRUCT;T_ERROR;T_MAP_OP;T_ERROR;S_BINARY;T_ERROR;S_CHAR;S_ISSUE;S_ISSUE;T_ERROR;S_ISSUE;S_ISSUE;S_ISSUE;S_ISSUE;S_ISSUE;S_ISSUE;S_ISSUE;S_ISSUE;S_ISSUE;T_ERROR;T_ERROR;S_ISSUE;S_ISSUE;T_ERROR;T_ISSUE;T_ISSUE;S_ISSUE;S_ISSUE;S_ISSUE;S_ISSUE;S_ISSUE;T_ISSUE;S_ISSUE;S_ISSUE;T_ERROR;T_ISSUE
S_BINARY;S_BINARY;S_BINARY;S_BINARY;S_BINARY;T_ERROR;T_ERROR;T_ERROR;T_ERROR;T_ERROR;T_BINARY;T_ERROR;T_ERROR;T_ERROR;T_ERROR;S_BINARY;S_BINARY;S_BINARY;S_BINARY;S_BINARY;S_BINARY;S_BINARY;S_BINARY;T_ERROR;T_ERROR;T_ERROR;S_BINARY;T_ERROR;T_ERROR;S_LINE_CMT2;T_ERROR;T_ERROR;T_ERROR;S_BINARY;T_ERROR;T_ERROR;T_ERROR;T_ERROR;S_BINARY;T_ERROR;T_ERROR
S_LINE_CMT2;S_LINE_CMT2;S_BINARY;S_LINE_CMT2;S_LINE_CMT2;S_LINE_CMT2;S_LINE_CMT2;S_LINE_CMT2;S_LINE_CMT2;S_LINE_CMT2;S_LINE_CMT2;S_LINE_CMT2;S_LINE_CMT2;S_LINE_CMT2;S_LINE_CMT2;S_LINE_CMT2;S_LINE_CMT2;S_LINE_CMT2;S_LINE_CMT2;S_LINE_CMT2;S_LINE_CMT2;S_LINE_CMT2;S_LINE_CMT2;S_LINE_CMT2;S_LINE_CMT2;S_LINE_CMT2;S_LINE_CMT2;S_LINE_CMT2;S_LINE_CMT2;S_LINE_CMT2;S_LINE_CMT2;S_LINE_CMT2;S_LINE_CMT2;S_LINE_CMT2;S_LINE_CMT2;S_LINE_CMT2;S_LINE_CMT2;S_LINE_CMT2;S_LINE_CMT2;T_ERROR;T_ERROR
S_CHAR;S_CHAR;S_CHAR;S_CHAR;S_CHAR;S_CHAR;S_CHAR;S_CHAR;S_CHAR;S_CHAR;S_CHAR;T_CHAR;S_CHAR;S_CHAR;S_CHAR;S_CHAR;S_CHAR;S_CHAR;S_CHAR;S_CHAR;S_CHAR;S_CHAR;S_CHAR;S_CHAR;S_CHAR;S_CHAR;S_CHAR;S_CHAR;S_CHAR;S_CHAR;S_CHAR;S_CHAR;S_CHAR;S_CHAR;S_CHAR;S_SKIP_CHAR;S_CHAR;S_CHAR;S_CHAR;T_ERROR;T_ERROR
S_SKIP_CHAR;S_CHAR;S_CHAR;S_CHAR;S_CHAR;S_CHAR;S_CHAR;S_CHAR;S_CHAR;S_CHAR;S_CHAR;S_CHAR;S_CHAR;S_CHAR;S_CHAR;S_CHAR;S_CHAR;S_CHAR;S_CHAR;S_CHAR;S_CHAR;S_CHAR;S_CHAR;S_CHAR;S_CHAR;S_CHAR;S_CHAR;S_CHAR;S_CHAR;S_CHAR;S_CHAR;S_CHAR;S_CHAR;S_CHAR;S_CHAR;S_CHAR;S_CHAR;S_CHAR;S_CHAR;T_ERROR;T_ERROR
S_CONSTRUCT;S_CONSTRUCT;S_CONSTRUCT;S_CONSTRUCT;S_CONSTRUCT;S_CONSTRUCT;T_CONS_MK;S_CONSTRUCT;S_CONSTRUCT;S_CONSTRUCT;S_CONSTRUCT;S_CONSTRUCT;S_CONSTRUCT;S_CONSTRUCT;S_CONSTRUCT;S_CONSTRUCT;S_CONSTRUCT;S_CONSTRUCT;S_CONSTRUCT;S_CONSTRUCT;S_CONSTRUCT;S_CONSTRUCT;S_CONSTRUCT;S_CONSTRUCT;S_CONSTRUCT;S_CONSTRUCT;S_CONSTRUCT;S_CONSTRUCT;S_CONSTRUCT;S_CONSTRUCT;S_CONSTRUCT;S_CONSTRUCT;S_CONSTRUCT;S_CONSTRUCT;S_CONSTRUCT;S_CONSTRUCT;S_CONSTRUCT;S_CONSTRUCT;S_CONSTRUCT;T_ERROR;T_ERROR
S_ISSUE;T_ISSUE;T_ISSUE;S_ISSUE;S_ISSUE;T_ISSUE;T_ISSUE;T_ISSUE;T_ISSUE;T_ISSUE;T_ISSUE;T_ISSUE;S_ISSUE;S_ISSUE;T_ERROR;S_ISSUE;S_ISSUE;S_ISSUE;S_ISSUE;S_ISSUE;S_ISSUE;S_ISSUE;T_ERROR;S_ISSUE;S_ISSUE;S_ISSUE;S_ISSUE;S_ISSUE;S_ISSUE;T_ISSUE;T_ISSUE;S_ISSUE;S_ISSUE;S_ISSUE;S_ISSUE;S_ISSUE;T_ISSUE;S_ISSUE;S_ISSUE;T_ERROR;T_ISSUE
S_NUMBER;T_INTEGER;T_INTEGER;S_NUMBER;S_NUMBER;T_INTEGER;T_INTEGER;T_INTEGER;T_INTEGER;T_INTEGER;T_INTEGER;T_INTEGER;S_SHARP;S_NUMBER;S_TIME_1ST;S_PAIR_1ST;S_DATE;S_HEX_END2;S_DECEXP;S_DECX;T_ERROR;S_HEX;S_DATE;T_ERROR;T_INTEGER;T_ERROR;T_ERROR;T_PERCENT;S_DOTNUM;T_INTEGER;S_EMAIL;S_DOTNUM;T_ERROR;T_ERROR;S_DATE;T_ERROR;T_INTEGER;T_ERROR;T_ERROR;T_ERROR;T_INTEGER
S_DOTNUM;T_FLOAT;T_FLOAT;S_DECIMAL;S_DECIMAL;T_FLOAT;T_FLOAT;T_FLOAT;T_FLOAT;T_FLOAT;T_FLOAT;T_FLOAT;S_DEC_SPECIAL;S_DECIMAL;T_ERROR;S_PAIR_1ST;T_ERROR;T_ERROR;S_DECEXP;S_DECEXP;T_ERROR;T_ERROR;T_FLOAT;T_ERROR;T_FLOAT;T_ERROR;T_ERROR;T_PERCENT;T_ERROR;T_FLOAT;T_ERROR;T_ERROR;T_ERROR;T_ERROR;T_ERROR;T_ERROR;T_FLOAT;T_ERROR;T_ERROR;T_ERROR;T_FLOAT
S_DECIMAL;T_FLOAT;T_FLOAT;S_DECIMAL;S_DECIMAL;T_FLOAT;T_FLOAT;T_FLOAT;T_FLOAT;T_FLOAT;T_FLOAT;T_FLOAT;T_ERROR;T_ERROR;T_FLOAT;S_PAIR_1ST;T_ERROR;T_ERROR;S_DECEXP;S_DECEXP;T_ERROR;T_ERROR;T_FLOAT;T_ERROR;T_FLOAT;T_ERROR;T_ERROR;T_PERCENT;T_ERROR;T_FLOAT;S_EMAIL;S_TUPLE;T_ERROR;T_ERROR;T_ERROR;T_ERROR;T_FLOAT;T_ERROR;T_ERROR;T_ERROR;T_FLOAT
S_DECEXP;T_FLOAT;T_FLOAT;S_DECEXP;S_DECEXP;T_FLOAT;T_FLOAT;T_FLOAT;T_FLOAT;T_FLOAT;T_FLOAT;T_FLOAT;T_ERROR;T_ERROR;T_FLOAT;T_ERROR;T_ERROR;T_ERROR;T_ERROR;T_ERROR;T_ERROR;T_ERROR;T_FLOAT;T_ERROR;T_FLOAT;T_ERROR;T_ERROR;T_ERROR;T_ERROR;T_FLOAT;S_EMAIL;T_ERROR;T_ERROR;S_DECEXP;S_DECEXP;T_ERROR;T_FLOAT;T_ERROR;T_ERROR;T_ERROR;T_FLOAT
S_DECX;T_FLOAT;T_FLOAT;S_DECX;S_DECX;T_FLOAT;T_FLOAT;T_FLOAT;T_FLOAT;T_FLOAT;T_FLOAT;T_FLOAT;T_ERROR;T_ERROR;T_FLOAT;T_ERROR;T_ERROR;S_HEX_END2;T_ERROR;S_HEX;T_ERROR;S_HEX;T_FLOAT;T_ERROR;T_FLOAT;T_ERROR;T_ERROR;T_PERCENT;T_ERROR;T_ERROR;S_EMAIL;S_TUPLE;T_ERROR;S_DECEXP;S_DECEXP;T_ERROR;T_FLOAT;T_ERROR;T_ERROR;T_ERROR;T_FLOAT
S_DEC_SPECIAL;T_FLOAT_SP;T_FLOAT_SP;T_FLOAT;T_FLOAT_SP;T_FLOAT_SP;T_FLOAT_SP;T_FLOAT_SP;T_FLOAT_SP;T_FLOAT_SP;T_FLOAT_SP;T_FLOAT_SP;T_ERROR;T_ERROR;T_ERROR;S_DEC_SPECIAL;S_DEC_SPECIAL;S_DEC_SPECIAL;S_DEC_SPECIAL;S_DEC_SPECIAL;S_DEC_SPECIAL;S_DEC_SPECIAL;T_FLOAT_SP;T_FLOAT_SP;T_FLOAT_SP;S_DEC_SPECIAL;S_DEC_SPECIAL;T_ERROR;T_ERROR;T_FLOAT_SP;T_ERROR;S_DEC_SPECIAL;T_ERROR;S_DEC_SPECIAL;S_DEC_SPECIAL;T_ERROR;T_FLOAT_SP;S_DEC_SPECIAL;S_DEC_SPECIAL;T_ERROR;T_FLOAT_SP
S_TUPLE;T_TUPLE;T_TUPLE;S_TUPLE;S_TUPLE;T_TUPLE;T_TUPLE;T_TUPLE;T_TUPLE;T_TUPLE;T_TUPLE;T_TUPLE;T_ERROR;T_ERROR;T_TUPLE;T_ERROR;T_ERROR;T_ERROR;T_ERROR;T_ERROR;T_ERROR;T_ERROR;T_TUPLE;T_ERROR;T_TUPLE;T_ERROR;T_ERROR;T_ERROR;T_ERROR;T_TUPLE;T_ERROR;S_TUPLE;T_ERROR;T_ERROR;T_ERROR;T_ERROR;T_TUPLE;T_ERROR;T_ERROR;T_ERROR;T_TUPLE
S_DATE;T_DATE;T_DATE;S_DATE;S_DATE;T_DATE;T_DATE;T_DATE;T_DATE;T_DATE;T_DATE;T_DATE;S_DATE;S_DATE;S_DATE;S_DATE;S_DATE;S_DATE;S_DATE;S_DATE;S_DATE;S_DATE;S_DATE;S_DATE;T_DATE;S_DATE;S_DATE;T_ERROR;S_DATE;T_DATE;T_ERROR;S_DATE;T_DATE;S_DATE;S_DATE;T_ERROR;T_DATE;T_ERROR;S_DATE;T_ERROR;T_DATE
S_TIME_1ST;T_ERROR;T_ERROR;S_TIME;S_TIME;T_ERROR;T_ERROR;T_ERROR;T_ERROR;T_ERROR;T_ERROR;T_ERROR;T_ERROR;T_ERROR;T_ERROR;T_ERROR;T_ERROR;T_ERROR;T_ERROR;T_ERROR;T_ERROR;T_ERROR;T_ERROR;T_ERROR;T_ERROR;T_ERROR;T_ERROR;T_ERROR;T_ERROR;T_ERROR;T_ERROR;T_ERROR;T_ERROR;T_ERROR;T_ERROR;T_ERROR;T_ERROR;T_ERROR;T_ERROR;T_ERROR;T_ERROR
S_TIME;T_TIME;T_TIME;S_TIME;S_TIME;T_TIME;T_TIME;T_TIME;T_TIME;T_TIME;T_TIME;T_TIME;T_ERROR;T_ERROR;S_TIME;T_ERROR;T_ERROR;T_ERROR;T_ERROR;T_ERROR;T_ERROR;T_ERROR;T_TIME;T_ERROR;T_TIME;T_ERROR;T_ERROR;T_ERROR;T_ERROR;T_TIME;T_ERROR;S_TIME;T_ERROR;T_ERROR;T_ERROR;T_ERROR;T_TIME;T_ERROR;T_ERROR;T_ERROR;T_TIME
S_PAIR_1ST;T_ERROR;T_ERROR;S_PAIR;S_PAIR;T_ERROR;T_ERROR;T_ERROR;T_ERROR;T_ERROR;T_ERROR;T_ERROR;T_ERROR;T_ERROR;T_ERROR;T_ERROR;T_ERROR;T_ERROR;T_ERROR;T_ERROR;T_ERROR;T_ERROR;T_ERROR;T_ERROR;T_ERROR;T_ERROR;T_ERROR;T_ERROR;T_ERROR;T_ERROR;S_EMAIL;T_ERROR;T_ERROR;S_PAIR;S_PAIR;T_ERROR;T_ERROR;T_ERROR;T_ERROR;T_ERROR;T_ERROR
S_PAIR;T_PAIR;T_PAIR;S_PAIR;S_PAIR;T_PAIR;T_PAIR;T_PAIR;T_PAIR;T_PAIR;T_PAIR;T_PAIR;T_ERROR;T_ERROR;T_PAIR;T_ERROR;T_ERROR;T_ERROR;S_PAIR;S_PAIR;T_ERROR;T_ERROR;T_PAIR;T_ERROR;T_PAIR;T_ERROR;T_ERROR;T_ERROR;T_ERROR;T_PAIR;S_EMAIL;S_PAIR;T_ERROR;T_ERROR;T_ERROR;T_ERROR;T_PAIR;T_ERROR;T_ERROR;T_ERROR;T_PAIR
S_MONEY_1ST;T_ERROR;T_ERROR;S_MONEY;S_MONEY;T_ERROR;T_ERROR;T_ERROR;T_ERROR;T_ERROR;T_ERROR;T_ERROR;T_ERROR;T_ERROR;T_ERROR;T_ERROR;T_ERROR;T_ERROR;T_ERROR;T_ERROR;T_ERROR;T_ERROR;T_ERROR;T_ERROR;T_ERROR;T_ERROR;T_ERROR;T_ERROR;T_ERROR;T_ERROR;T_ERROR;T_ERROR;T_ERROR;T_ERROR;T_ERROR;T_ERROR;T_ERROR;T_ERROR;T_ERROR;T_ERROR;T_ERROR
S_MONEY;T_MONEY;T_MONEY;S_MONEY;S_MONEY;T_MONEY;T_MONEY;T_MONEY;T_MONEY;T_MONEY;T_MONEY;T_MONEY;T_MONEY;S_MONEY;T_MONEY;T_ERROR;T_ERROR;T_ERROR;T_ERROR;T_ERROR;T_ERROR;T_ERROR;T_MONEY;T_ERROR;T_MONEY;T_ERROR;T_ERROR;T_ERROR;S_MONEY_DEC;T_MONEY;T_ERROR;S_MONEY_DEC;T_ERROR;T_ERROR;T_ERROR;T_ERROR;T_MONEY;T_ERROR;T_ERROR;T_ERROR;T_MONEY
S_MONEY_DEC;T_MONEY;T_MONEY;S_MONEY_DEC;S_MONEY_DEC;T_MONEY;T_MONEY;T_MONEY;T_MONEY;T_MONEY;T_MONEY;T_MONEY;T_MONEY;S_MONEY_DEC;T_MONEY;T_ERROR;T_ERROR;T_ERROR;T_ERROR;T_ERROR;T_ERROR;T_ERROR;T_MONEY;T_ERROR;T_MONEY;T_ERROR;T_ERROR;T_ERROR;T_ERROR;T_MONEY;T_ERROR;T_ERROR;T_ERROR;T_ERROR;T_ERROR;T_ERROR;T_MONEY;T_ERROR;T_ERROR;T_ERROR;T_MONEY
S_HEX;T_WORD;T_WORD;S_HEX;S_HEX;T_WORD;T_WORD;T_WORD;T_WORD;T_WORD;T_WORD;T_WORD;T_WORD;S_WORD;S_WORDSET;S_WORD;S_WORD;S_HEX_END;S_WORD;S_HEX;S_WORD;S_HEX;T_PATH;T_WORD;S_WORD;S_WORD;S_WORD;T_ERROR;T_ERROR;T_WORD;S_EMAIL;S_WORD;S_MONEY;S_WORD;S_WORD;S_WORD;T_WORD;S_WORD;S_WORD;T_ERROR;T_WORD
S_HEX_END;T_HEX;T_HEX;S_WORD;S_WORD;T_HEX;T_HEX;T_HEX;T_HEX;T_HEX;T_HEX;T_HEX;T_ERROR;S_WORD;S_WORDSET;S_WORD;S_WORD;S_WORD;S_WORD;S_WORD;S_WORD;S_WORD;T_PATH;T_HEX;S_WORD;S_WORD;S_WORD;T_ERROR;T_ERROR;T_HEX;S_EMAIL;S_WORD;S_MONEY;S_WORD;S_WORD;S_WORD;T_HEX;S_WORD;S_WORD;T_ERROR;T_HEX
S_HEX_END2;T_HEX;T_HEX;T_ERROR;T_ERROR;T_HEX;T_HEX;T_HEX;T_HEX;T_HEX;T_HEX;T_HEX;T_ERROR;T_ERROR;T_ERROR;T_ERROR;T_ERROR;T_ERROR;T_ERROR;T_ERROR;T_ERROR;T_ERROR;T_PATH;T_HEX;T_HEX;T_ERROR;T_ERROR;T_ERROR;T_ERROR;T_HEX;S_EMAIL;T_ERROR;S_MONEY;T_ERROR;T_ERROR;T_ERROR;T_HEX;T_ERROR;T_ERROR;T_ERROR;T_HEX
S_LESSER;T_WORD;T_WORD;S_TAG;S_TAG;T_WORD;T_WORD;T_WORD;T_WORD;T_WORD;T_WORD;T_WORD;S_TAG;S_TAG_STR2;T_WORD;S_TAG;S_TAG;S_TAG;S_TAG;S_TAG;S_TAG;S_TAG;S_TAG;S_TAG;S_LESSER;S_WORD;S_WORD;S_TAG;S_TAG;T_WORD;T_ERROR;S_TAG;S_TAG;S_TAG;S_WORD;S_TAG;T_WORD;S_TAG;S_TAG;T_ERROR;T_WORD
S_TAG;S_TAG;S_TAG;S_TAG;S_TAG;S_TAG;S_TAG;S_TAG;S_TAG;S_TAG;S_TAG;S_TAG_STR;S_TAG;S_TAG_STR2;S_TAG;S_TAG;S_TAG;S_TAG;S_TAG;S_TAG;S_TAG;S_TAG;S_TAG;S_TAG;S_TAG;T_TAG;S_TAG;S_TAG;S_TAG;S_TAG;S_TAG;S_TAG;S_TAG;S_TAG;S_TAG;S_TAG;S_TAG;S_TAG;S_TAG;T_ERROR;T_ERROR
S_TAG_STR;S_TAG_STR;S_TAG_STR;S_TAG_STR;S_TAG_STR;S_TAG_STR;S_TAG_STR;S_TAG_STR;S_TAG_STR;S_TAG_STR;S_TAG_STR;S_TAG;S_TAG_STR;S_TAG_STR;S_TAG_STR;S_TAG_STR;S_TAG_STR;S_TAG_STR;S_TAG_STR;S_TAG_STR;S_TAG_STR;S_TAG_STR;S_TAG_STR;S_TAG_STR;S_TAG_STR;S_TAG_STR;S_TAG_STR;S_TAG_STR;S_TAG_STR;S_TAG_STR;S_TAG_STR;S_TAG_STR;S_TAG_STR;S_TAG_STR;S_TAG_STR;S_TAG_STR;S_TAG_STR;S_TAG_STR;S_TAG_STR;T_ERROR;T_ERROR
S_TAG_STR2;S_TAG_STR2;S_TAG_STR2;S_TAG_STR2;S_TAG_STR2;S_TAG_STR2;S_TAG_STR2;S_TAG_STR2;S_TAG_STR2;S_TAG_STR2;S_TAG_STR2;S_TAG_STR2;S_TAG_STR2;S_TAG;S_TAG_STR2;S_TAG_STR2;S_TAG_STR2;S_TAG_STR2;S_TAG_STR2;S_TAG_STR2;S_TAG_STR2;S_TAG_STR2;S_TAG_STR2;S_TAG_STR2;S_TAG_STR2;S_TAG_STR2;S_TAG_STR2;S_TAG_STR2;S_TAG_STR2;S_TAG_STR2;S_TAG_STR2;S_TAG_STR2;S_TAG_STR2;S_TAG_STR2;S_TAG_STR2;S_TAG_STR2;S_TAG_STR2;S_TAG_STR2;S_TAG_STR2;T_ERROR;T_ERROR
S_SIGN;T_WORD;T_WORD;S_NUMBER;S_NUMBER;T_WORD;T_WORD;T_WORD;T_WORD;T_WORD;T_WORD;T_WORD;T_WORD;T_ERROR;S_WORD;S_WORD;S_WORD;S_WORD;S_WORD;S_WORD;S_WORD;S_WORD;S_WORD;T_WORD;T_ERROR;S_WORD;S_WORD;T_ERROR;S_WORD;T_WORD;S_WORD;S_DOTWORD;S_MONEY;S_WORD;S_WORD;T_ERROR;T_WORD;S_WORD;S_WORD;T_ERROR;T_WORD
S_DOTWORD;T_WORD;T_WORD;S_DOTDEC;S_DOTDEC;T_WORD;T_WORD;T_WORD;T_WORD;T_WORD;T_WORD;T_WORD;T_WORD;S_WORD;S_WORDSET;S_WORD;S_WORD;S_WORD;S_DOTDEC;S_DOTDEC;S_WORD;S_WORD;T_PATH;T_WORD;S_WORD;S_WORD;S_WORD;T_ERROR;T_ERROR;T_WORD;S_EMAIL;S_WORD;T_ERROR;S_DOTDEC;S_DOTDEC;S_WORD;T_WORD;S_WORD;S_WORD;T_ERROR;T_WORD
S_DOTDEC;T_FLOAT;T_FLOAT;S_DOTDEC;S_DOTDEC;T_FLOAT;T_FLOAT;T_FLOAT;T_FLOAT;T_FLOAT;T_FLOAT;T_FLOAT;T_ERROR;T_ERROR;T_FLOAT;S_PAIR_1ST;T_ERROR;T_ERROR;S_DOTDEC;S_DOTDEC;T_ERROR;T_ERROR;T_FLOAT;T_ERROR;T_FLOAT;T_ERROR;T_ERROR;T_PERCENT;T_ERROR;T_ERROR;T_ERROR;T_ERROR;T_ERROR;S_DOTDEC;S_DOTDEC;T_ERROR;T_FLOAT;T_ERROR;T_ERROR;T_ERROR;T_FLOAT
S_WORD_1ST;T_ERROR;T_ERROR;T_ERROR;T_ERROR;T_ERROR;T_ERROR;T_ERROR;T_ERROR;T_ERROR;T_ERROR;T_ERROR;T_ERROR;T_ERROR;T_ERROR;S_WORD;S_WORD;S_WORD;S_WORD;S_WORD;S_WORD;S_WORD;S_SLASH_1ST;T_ERROR;S_WORD;S_WORD;S_WORD;S_PERCENT;T_ERROR;T_ERROR;T_ERROR;S_WORD;T_ERROR;S_WORD;S_WORD;S_WORD;T_ERROR;S_WORD;S_WORD;T_ERROR;T_ERROR
S_WORD;T_WORD;T_WORD;S_WORD;S_WORD;T_WORD;T_WORD;T_WORD;T_WORD;T_WORD;T_WORD;T_WORD;T_WORD;S_WORD;S_WORDSET;S_WORD;S_WORD;S_WORD;S_WORD;S_WORD;S_WORD;S_WORD;T_PATH;T_WORD;T_WORD;S_WORD;S_WORD;T_ERROR;T_ERROR;T_WORD;S_EMAIL;S_WORD;S_MONEY_1ST;S_WORD;S_WORD;S_WORD;T_WORD;S_WORD;S_WORD;T_ERROR;T_WORD
S_WORDSET;T_WORD;T_WORD;S_URL;S_URL;T_WORD;T_WORD;T_WORD;T_WORD;T_WORD;T_WORD;T_WORD;S_URL;S_URL;S_URL;S_URL;S_URL;S_URL;S_URL;S_URL;S_URL;S_URL;S_URL;T_WORD;T_ERROR;S_URL;S_URL;S_URL;S_URL;T_WORD;S_URL;S_URL;S_URL;S_URL;S_URL;S_URL;T_WORD;S_URL;S_URL;T_ERROR;T_WORD
S_PERCENT;T_WORD;T_WORD;T_ERROR;T_ERROR;T_WORD;T_WORD;T_WORD;T_WORD;T_WORD;T_WORD;T_ERROR;T_ERROR;T_ERROR;T_ERROR;T_ERROR;T_ERROR;T_ERROR;T_ERROR;T_ERROR;T_ERROR;T_ERROR;T_ERROR;T_WORD;T_ERROR;T_ERROR;T_ERROR;S_PERCENT;T_ERROR;T_WORD;T_ERROR;T_ERROR;T_ERROR;T_ERROR;T_ERROR;T_ERROR;T_WORD;T_ERROR;T_ERROR;T_ERROR;T_WORD
S_URL;T_URL;T_URL;S_URL;S_URL;T_URL;T_URL;T_URL;T_URL;T_URL;T_URL;T_URL;S_URL;S_URL;S_URL;S_URL;S_URL;S_URL;S_URL;S_URL;S_URL;S_URL;S_URL;T_URL;T_URL;T_ERROR;S_URL;S_URL;S_URL;T_URL;S_URL;S_URL;S_URL;S_URL;S_URL;T_ERROR;T_URL;S_URL;S_URL;T_ERROR;T_URL
S_EMAIL;T_EMAIL;T_EMAIL;S_EMAIL;S_EMAIL;T_EMAIL;T_EMAIL;T_EMAIL;T_EMAIL;T_EMAIL;T_EMAIL;T_EMAIL;T_ERROR;T_ERROR;T_ERROR;S_EMAIL;S_EMAIL;S_EMAIL;S_EMAIL;S_EMAIL;S_EMAIL;S_EMAIL;T_EMAIL;T_EMAIL;T_EMAIL;T_ERROR;T_ERROR;S_EMAIL;T_ERROR;T_EMAIL;T_ERROR;S_EMAIL;T_ERROR;S_EMAIL;S_EMAIL;T_ERROR;T_EMAIL;S_EMAIL;S_EMAIL;T_ERROR;T_EMAIL
S_REF;T_REF;T_REF;S_REF;S_REF;T_REF;T_REF;T_REF;T_REF;T_REF;T_REF;T_REF;T_ERROR;T_ERROR;S_REF;S_REF;S_REF;S_REF;S_REF;S_REF;S_REF;S_REF;S_REF;T_ERROR;T_REF;T_ERROR;T_ERROR;S_REF;T_ERROR;T_REF;T_ERROR;S_REF;T_ERROR;S_REF;S_REF;T_ERROR;T_REF;S_REF;S_REF;T_ERROR;T_REF
S_PATH;T_ERROR;T_ERROR;S_PATH_NUM;S_PATH_NUM;T_ERROR;T_ERROR;T_PAR_OP;T_PAR_CL;T_ERROR;T_ERROR;S_LINE_STR;S_PATH_SHARP;S_PATH_W1ST;S_PATH_W1ST;S_PATH_WORD;S_PATH_WORD;S_PATH_WORD;S_PATH_WORD;S_PATH_WORD;S_PATH_WORD;S_PATH_WORD;T_ERROR;T_ERROR;S_LESSER;S_PATH_WORD;S_PATH_WORD;T_ERROR;T_ERROR;T_ERROR;S_REF;S_PATH_WORD;S_MONEY_1ST;S_PATH_SIGN;S_PATH_SIGN;T_ERROR;T_ERROR;S_PATH_WORD;S_PATH_WORD;T_ERROR;T_ERROR
S_PATH_NUM;T_INTEGER;T_INTEGER;S_PATH_NUM;S_PATH_NUM;T_INTEGER;T_INTEGER;T_INTEGER;T_INTEGER;T_INTEGER;T_INTEGER;T_INTEGER;T_ERROR;S_PATH_NUM;T_INTEGER;S_PAIR_1ST;T_ERROR;T_ERROR;S_DECEXP;S_DECEXP;T_ERROR;T_ERROR;T_INTEGER;T_ERROR;T_INTEGER;T_ERROR;T_ERROR;T_PERCENT;S_DOTNUM;T_INTEGER;S_EMAIL;S_DOTNUM;T_ERROR;T_ERROR;T_ERROR;T_ERROR;T_INTEGER;T_ERROR;T_ERROR;T_ERROR;T_INTEGER
S_PATH_W1ST;T_ERROR;T_ERROR;T_ERROR;T_ERROR;T_ERROR;T_ERROR;T_ERROR;T_ERROR;T_ERROR;T_ERROR;T_ERROR;T_ERROR;T_ERROR;T_ERROR;S_PATH_WORD;S_PATH_WORD;S_PATH_WORD;S_PATH_WORD;S_PATH_WORD;S_PATH_WORD;S_PATH_WORD;T_ERROR;T_ERROR;S_PATH_WORD;S_PATH_WORD;S_PATH_WORD;T_ERROR;T_ERROR;T_ERROR;T_ERROR;S_PATH_WORD;T_ERROR;S_PATH_WORD;S_PATH_WORD;T_ERROR;T_ERROR;S_PATH_WORD;S_PATH_WORD;T_ERROR;T_ERROR
S_PATH_WORD;T_WORD;T_WORD;S_PATH_WORD;S_PATH_WORD;T_WORD;T_WORD;T_WORD;T_WORD;T_WORD;T_WORD;T_WORD;T_ERROR;S_PATH_WORD;T_WORD;S_PATH_WORD;S_PATH_WORD;S_PATH_WORD;S_PATH_WORD;S_PATH_WORD;S_PATH_WORD;S_PATH_WORD;T_WORD;T_WORD;S_PATH_WORD;S_PATH_WORD;S_PATH_WORD;T_ERROR;T_ERROR;T_WORD;S_EMAIL;S_PATH_WORD;S_MONEY_1ST;S_PATH_WORD;S_PATH_WORD;S_PATH_WORD;T_WORD;S_PATH_WORD;S_PATH_WORD;T_ERROR;T_WORD
S_PATH_SHARP;T_ERROR;T_ERROR;S_ISSUE;S_ISSUE;S_CONSTRUCT;T_ERROR;T_ERROR;T_ERROR;T_ERROR;T_ERROR;S_CHAR;S_ISSUE;S_ISSUE;T_ERROR;S_ISSUE;S_ISSUE;S_ISSUE;S_ISSUE;S_ISSUE;S_ISSUE;S_ISSUE;T_ERROR;S_ISSUE;T_ERROR;T_ERROR;T_ERROR;S_ISSUE;T_ERROR;T_ERROR;T_ERROR;S_ISSUE;S_ISSUE;S_ISSUE;S_ISSUE;S_ISSUE;T_ERROR;S_ISSUE;S_ISSUE;T_ERROR;T_ERROR
S_PATH_SIGN;T_WORD;T_WORD;S_PATH_NUM;S_PATH_NUM;T_WORD;T_WORD;T_WORD;T_WORD;T_WORD;T_WORD;T_WORD;T_ERROR;T_ERROR;S_WORD;S_WORD;S_WORD;S_WORD;S_WORD;S_WORD;S_WORD;S_WORD;S_WORD;T_WORD;T_ERROR;S_WORD;S_WORD;T_ERROR;S_WORD;T_WORD;S_WORD;S_WORD;S_MONEY_1ST;S_WORD;S_WORD;T_ERROR;T_WORD;S_WORD;S_WORD;T_ERROR;T_WORD
