;C_DT_DIGIT;C_DT_DASH;C_DT_PLUS;C_DT_COLON;C_DT_DOT;C_DT_Z;C_DT_ILLEGAL;C_DT_EOF
S_TM_START;F_TM_H;T_TM_ERROR;T_TM_ERROR;T_TM_ERROR;T_TM_ERROR;T_TM_ERROR;T_TM_ERROR;T_TM_ERROR
F_TM_H;F_TM_HH;T_TM_ERROR;T_TM_ERROR;T_TM_ERROR;T_TM_ERROR;T_TM_ERROR;T_TM_ERROR;T_TM_ERROR
F_TM_HH;F_TM_M;T_TM_ERROR;T_TM_ERROR;S_TM_HM;T_TM_ERROR;T_TM_ERROR;T_TM_ERROR;T_TM_ERROR
S_TM_HM;F_TM_M;T_TM_ERROR;T_TM_ERROR;T_TM_ERROR;T_TM_ERROR;T_TM_ERROR;T_TM_ERROR;T_TM_ERROR
F_TM_M;F_TM_MM;T_TM_ERROR;T_TM_ERROR;T_TM_ERROR;T_TM_ERROR;T_TM_ERROR;T_TM_ERROR;T_TM_HM
F_TM_MM;F_TM_S;T_TM_ERROR;T_TM_ERROR;S_TM_HMS;T_TM_ERROR;T_TM_ERROR;T_TM_ERROR;T_TM_HM
S_TM_HMS;F_TM_S;T_TM_ERROR;T_TM_ERROR;T_TM_ERROR;T_TM_ERROR;T_TM_ERROR;T_TM_ERROR;T_TM_ERROR
F_TM_S;F_TM_SS;T_TM_ERROR;T_TM_ERROR;T_TM_ERROR;T_TM_ERROR;T_TM_ERROR;T_TM_ERROR;T_TM_HMS
F_TM_SS;T_TM_ERROR;S_TZ_START;S_TZ_START;T_TM_ERROR;F_TM_N1;T_TM_ERROR;T_TM_ERROR;T_TM_HMS
F_TM_N1;F_TM_N;T_TM_ERROR;T_TM_ERROR;T_TM_ERROR;T_TM_ERROR;T_TM_ERROR;T_TM_ERROR;T_TM_ERROR
F_TM_N;F_TM_N;S_TZ_START;S_TZ_START;T_TM_ERROR;T_TM_ERROR;T_TM_NZ;T_TM_ERROR;T_TM_NZ
S_TZ_START;S_TZ_H;T_TM_ERROR;T_TM_ERROR;T_TM_ERROR;T_TM_ERROR;T_TM_ERROR;T_TM_ERROR;T_TM_ERROR
S_TZ_H;F_TZ_HH;T_TM_ERROR;T_TM_ERROR;F_TZ_HM;T_TM_ERROR;T_TM_ERROR;T_TM_ERROR;T_TZ_H
F_TZ_HH;T_TM_ERROR;T_TM_ERROR;T_TM_ERROR;F_TZ_HM;T_TM_ERROR;T_TM_ERROR;T_TM_ERROR;T_TZ_HH
F_TZ_HM;S_TZ_M;T_TM_ERROR;T_TM_ERROR;T_TM_ERROR;T_TM_ERROR;T_TM_ERROR;T_TM_ERROR;T_TM_ERROR
S_TZ_M;T_TZ_MM;T_TM_ERROR;T_TM_ERROR;T_TM_ERROR;T_TM_ERROR;T_TM_ERROR;T_TM_ERROR;T_TZ_MM
